Workbook

Sheet Raw_Product_Data
A1: Product | B1: Annual_Demand | C1: Unit_Cost
A2: Shampoo | B2: 120000 | C2: 70
A3: Soap | B3: 300000 | C3: 22
A4: Toothpaste | B4: 180000 | C4: 55

Sheet Inventory_Parameters
A1: Parameter | B1: Value
A2: Ordering_Cost | B2: 5000
A3: Holding_Cost_% | B3: 0.2
A4: Lead_Time_Days | B4: 10
A5: Service_Level_Z | B5: 1.65

Sheet EOQ_Model
A1: Product | B1: Annual_Demand | C1: Ordering_Cost | D1: Holding_Cost | E1: EOQ
A2: =Raw_Product_Data!A2 -> Shampoo | B2: =Raw_Product_Data!B2 -> 120000 | C2: =Inventory_Parameters!$B$2 -> 5000 | D2: =Inventory_Parameters!$B$3*C2 -> 1000 | E2: =SQRT((2*B2*C2)/D2) -> 1095.4451
A3: =Raw_Product_Data!A3 -> Soap | B3: =Raw_Product_Data!B3 -> 300000 | C3: =Inventory_Parameters!$B$2 -> 5000 | D3: =Inventory_Parameters!$B$3*C3 -> 1000 | E3: =SQRT((2*B3*C3)/D3) -> 1732.0508
A4: =Raw_Product_Data!A4 -> Toothpaste | B4: =Raw_Product_Data!B4 -> 180000 | C4: =Inventory_Parameters!$B$2 -> 5000 | D4: =Inventory_Parameters!$B$3*C4 -> 1000 | E4: =SQRT((2*B4*C4)/D4) -> 1341.6408

Sheet Safety_Stock
A1: Product | B1: Daily Demand | C1: Demand Standard | D1: Safety Stock | E1: Reorder Point
A2: =Raw_Product_Data!A2 -> Shampoo | B2: =Raw_Product_Data!B2/365 -> 328.76712 | C2: =B2*0.25 -> 82.191781 | D2: =Inventory_Parameters!$B$5*C2*SQRT(Inventory_Parameters!$B$4) -> 428.85683 | E2: =D2+(B2*Inventory_Parameters!$B$4) -> 3716.5281
A3: =Raw_Product_Data!A3 -> Soap | B3: =Raw_Product_Data!B3/365 -> 821.91781 | C3: =B3*0.25 -> 205.47945 | D3: =Inventory_Parameters!$B$5*C3*SQRT(Inventory_Parameters!$B$4) -> 1072.1421 | E3: =D3+(B3*Inventory_Parameters!$B$4) -> 9291.3202
A4: =Raw_Product_Data!A4 -> Toothpaste | B4: =Raw_Product_Data!B4/365 -> 493.15068 | C4: =B4*0.25 -> 123.28767 | D4: =Inventory_Parameters!$B$5*C4*SQRT(Inventory_Parameters!$B$4) -> 643.28525 | E4: =D4+(B4*Inventory_Parameters!$B$4) -> 5574.7921

Sheet Scenario Analysis
A1: Scenario | B1: Demand_Change | C1: Impact
A2: Low Demand | B2: -0.15 | C2: Lower EOQ, reduced holding cost
A3: Base | B3: 0 | C3: Current planning assumptions
A4: High Demand | B4: 0.2 | C4: Higher EOQ and safety stock required
