Workbook

Sheet Raw_Sales_Data
A1: Order_ID | B1: Order_Date | C1: Product_Code | D1: Region | E1: Channel | F1: Sales_Amount
A2: O001 | B2: 2023-01-01 | C2: P-01 | D2: North | E2: Online | F2: 12000
A3: O002 | B3: 2023-01-02 | C3: P-02 | D3: north | E3: Offline | F3: 9000
A4: O003 | B4: 2023-01-03 | C4: P-01 | D4: NORTH | E4: Online | F4: 13500
A5: O004 | B5: 2023-02-05 | C5: P-03 | D5: South | E5: Online | F5: 15000
A6: O005 | B6: 2023-03-10 | C6: P-02 | D6: South | E6: Offline | F6: 11000
A7: O006 | B7: 2023-04-12 | C7: P-01 | D7: East | E7: Online | F7: 16000

Sheet Master_Product
A1: Product_Code | B1: Product_Name | C1: Category | D1: Margin_%
A2: P-01 | B2: Shampoo | C2: FMCG | D2: 0.35
A3: P-02 | B3: Soap | C3: FMCG | D3: 0.25
A4: P-03 | B4: Toothpaste | C4: FMCG | D4: 0.3

Sheet Master_Region
A1: Region | B1: Manager
A2: North | B2: Amit
A3: South | B3: Riya
A4: East | B4: Kunal
A5: West | B5: Neha

Sheet Cleaned_Data
A1: Order_ID | B1: Order_Date | C1: Product_Code | D1: Region_Clean | E1: Channel | F1: Sales_Amount | G1: Product_Name | H1: Margin_% | I1: Month
A2: =Raw_Sales_Data!A2 -> O001 | B2: =Raw_Sales_Data!B2 -> 2023-01-01 | C2: =Raw_Sales_Data!C2 -> P-01 | D2: =TRIM(PROPER(Raw_Sales_Data!D2)) -> North | E2: =Raw_Sales_Data!E2 -> Online | F2: =Raw_Sales_Data!F2 -> 12000 | G2: =_xlfn.XLOOKUP(C2,Master_Product!A:A,Master_Product!B:B) -> Shampoo | H2: =_xlfn.XLOOKUP(C2,Master_Product!A:A,Master_Product!D:D) -> 0.35 | I2: =TEXT(B2,"mmm-yyyy") -> Jan-2023
A3: =Raw_Sales_Data!A3 -> O002 | B3: =Raw_Sales_Data!B3 -> 2023-01-02 | C3: =Raw_Sales_Data!C3 -> P-02 | D3: =TRIM(PROPER(Raw_Sales_Data!D3)) -> North | E3: =Raw_Sales_Data!E3 -> Offline | F3: =Raw_Sales_Data!F3 -> 9000 | G3: =_xlfn.XLOOKUP(C3,Master_Product!A:A,Master_Product!B:B) -> Soap | H3: =_xlfn.XLOOKUP(C3,Master_Product!A:A,Master_Product!D:D) -> 0.25 | I3: =TEXT(B3,"mmm-yyyy") -> Jan-2023
A4: =Raw_Sales_Data!A4 -> O003 | B4: =Raw_Sales_Data!B4 -> 2023-01-03 | C4: =Raw_Sales_Data!C4 -> P-01 | D4: =TRIM(PROPER(Raw_Sales_Data!D4)) -> North | E4: =Raw_Sales_Data!E4 -> Online | F4: =Raw_Sales_Data!F4 -> 13500 | G4: =_xlfn.XLOOKUP(C4,Master_Product!A:A,Master_Product!B:B) -> Shampoo | H4: =_xlfn.XLOOKUP(C4,Master_Product!A:A,Master_Product!D:D) -> 0.35 | I4: =TEXT(B4,"mmm-yyyy") -> Jan-2023
A5: =Raw_Sales_Data!A5 -> O004 | B5: =Raw_Sales_Data!B5 -> 2023-02-05 | C5: =Raw_Sales_Data!C5 -> P-03 | D5: =TRIM(PROPER(Raw_Sales_Data!D5)) -> South | E5: =Raw_Sales_Data!E5 -> Online | F5: =Raw_Sales_Data!F5 -> 15000 | G5: =_xlfn.XLOOKUP(C5,Master_Product!A:A,Master_Product!B:B) -> Toothpaste | H5: =_xlfn.XLOOKUP(C5,Master_Product!A:A,Master_Product!D:D) -> 0.3 | I5: =TEXT(B5,"mmm-yyyy") -> Feb-2023
A6: =Raw_Sales_Data!A6 -> O005 | B6: =Raw_Sales_Data!B6 -> 2023-03-10 | C6: =Raw_Sales_Data!C6 -> P-02 | D6: =TRIM(PROPER(Raw_Sales_Data!D6)) -> South | E6: =Raw_Sales_Data!E6 -> Offline | F6: =Raw_Sales_Data!F6 -> 11000 | G6: =_xlfn.XLOOKUP(C6,Master_Product!A:A,Master_Product!B:B) -> Soap | H6: =_xlfn.XLOOKUP(C6,Master_Product!A:A,Master_Product!D:D) -> 0.25 | I6: =TEXT(B6,"mmm-yyyy") -> Mar-2023
A7: =Raw_Sales_Data!A7 -> O006 | B7: =Raw_Sales_Data!B7 -> 2023-04-12 | C7: =Raw_Sales_Data!C7 -> P-01 | D7: =TRIM(PROPER(Raw_Sales_Data!D7)) -> East | E7: =Raw_Sales_Data!E7 -> Online | F7: =Raw_Sales_Data!F7 -> 16000 | G7: =_xlfn.XLOOKUP(C7,Master_Product!A:A,Master_Product!B:B) -> Shampoo | H7: =_xlfn.XLOOKUP(C7,Master_Product!A:A,Master_Product!D:D) -> 0.35 | I7: =TEXT(B7,"mmm-yyyy") -> Apr-2023

Sheet Forecast_Model
A1: Metric | B1: Value
A2: Total Sales | B2: =SUM(Cleaned_Data!F:F) -> 76500
A3: Average Monthly Sales | B3: =AVERAGE(Cleaned_Data!F:F) -> 12750
A4: Max Monthly Sales | B4: =_xlfn.AGGREGATE(4,6,Cleaned_Data!F:F) -> 16000

Sheet Scenario_Analysis
A1: Scenario | B1: Growth_Rate | C1: Forecast_Sales
A2: Worst | B2: -0.05 | C2: =Forecast_Model!B2*(1+B2) -> 72675
A3: Base | B3: 0.05 | C3: =Forecast_Model!B2*(1+B3) -> 80325
A4: Best | B4: 0.1 | C4: =Forecast_Model!B2*(1+B4) -> 84150

Sheet Insights
A1: Key Business Insights
A3: • Data cleaned using TRIM and PROPER
A4: • Product details enriched using XLOOKUP
A5: • Scenario analysis supports planning decisions
